"name","firstName","lastName","email","address","vehicle"
"Martin Barry","Martin","Barry","martinbarry@hotmail.com","Grand Arcade, Lisington lane, London, W1 6TY","Audi A3"
"Raymond Norman","Raymond","Norman","raymondnorman@googlemail.com","Grand Arcade, Lisington lane, London, W1 6TY","Audi A1"
"Matthew Owen","Matthew","Owen","matthewowen@live.com","32, Man Street, Leeds, LS1 2EE","Audi A3"
"Robert Lescott","Robert","Lescott","robertlescott@helloworld.com","98 Edinburgh Road, Livingston, EH54 3RE","Range Rover Sport"
"Thomas Lescott","Thomas","Lescott","thomaslescott@hotmail.co.uk","10, Pinetree Avenue, Lenzie, G66 7YU","Ford Ka"
"Karen Baxter","Karen","Baxter","karenbaxter@hotmail.co.uk","Grand Arcade, Lisington lane, London, W1 6TY","Audi R8"
"Emily Lescott","Emily","Lescott","emilylescott@example.com","123 Fake Lane, Fakeland, G12 3RE","Vauxhall Astra"
"William Montgomery","William","Montgomery","williammontgomery@hotmail.co.uk","44, Anfield road, Liverpool, L12 7TY","Ford Focus ST"
"Karen Baxter","Karen","Baxter","karenbaxter@live.co.uk","10, Pinetree Avenue, Lenzie, G66 7YU","Audi A1"
"William Jenkins","William","Jenkins","williamjenkins@gmail.com","1, Glasgow Road, Edinburgh, EH56 4RE","Range Rover Sport"